symptom,code_add,code_remove
Behavior,79.15816326530613,26.341836734693878
Compile,34.21875,14.21875
Crash,60.70967741935484,21.483870967741936
Panic,47.27860696517413,21.17412935323383
Performance,86.09375,52.885416666666664
Security,52.57142857142857,22.857142857142858
