root_cause,code_add,code_remove
1,95.81294964028777,31.892086330935253
2,99.08695652173913,26.782608695652176
3,117.6,38.56666666666667
4,29.533333333333335,5.333333333333333
5,123.16666666666667,59.625
7,72.92307692307692,27.53846153846154
8,78.84615384615384,24.593406593406595
9,50.666666666666664,5.666666666666667
11,54.48979591836735,16.20408163265306
13,78.4,10.2
14,21.25,5.35
15,48.03846153846154,12.76923076923077
16,102.28571428571429,85.0
17,52.2,15.4
