root_cause,code_add,code_remove
Alg,75.80815347721823,28.223021582733814
Attr,21.25,5.3
Bound,57.07692307692308,27.153846153846153
Cod,51.65217391304348,17.565217391304348
Conc,86.625,42.083333333333336
Doc,71.63736263736264,24.23076923076923
Mac,27.153846153846153,11.307692307692308
Mem,86.76666666666667,33.36666666666667
Num,8.0,3.6
Other,8.666666666666666,3.0
Owner,61.8,9.2
Type,16.733333333333334,3.8666666666666667
Unsound,52.2,15.4
Unwrap,42.51020408163265,14.591836734693878
Ver,79.8,71.0
